<metadata xml:lang="en"><Esri><CreaDate>20110720</CreaDate><CreaTime>22525800</CreaTime><ArcGISFormat>1.0</ArcGISFormat><ArcGISstyle>FGDC CSDGM Metadata</ArcGISstyle><SyncOnce>FALSE</SyncOnce><DataProperties><lineage><Process ToolSource="C:\Program Files\ArcGIS\Desktop10.0\ArcToolbox\Toolboxes\Data Management Tools.tbx\DeleteField" Date="20110720" Time="225258">DeleteField "L:\Plan Web Workup\Plans\Rucho Senate 2\Rucho Senate 2_MapBase.gdb\Districts" PL10AA_TOT;PL10AA_SR_W;PL10AA_SR_B;PL10AA_SR_NA;PL10AA_SR_API;PL10AA_SR_O;PL10AA_MR;PL10AA_HISP;PL10AA_NONHISP;PL10AA_MR_B;PL10AA_AP_B;PL10AA_AP_NA;PL10AA_AP_NA_NB;PL10AA_AP_B_NNA;PL10AA_AP_B_NA;PL10AA_SR_W_NH;PL10VA_TOT;PL10VA_SR_W;PL10VA_SR_B;PL10VA_SR_NA;PL10VA_SR_API;PL10VA_SR_O;PL10VA_MR;PL10VA_HISP;PL10VA_NONHISP;PL10VA_MR_B;PL10VA_AP_B;PL10VA_AP_NA;PL10VA_AP_NA_NB;PL10VA_AP_B_NNA;PL10VA_AP_B_NA;PL10VA_SR_W_NH;REG10G_TOT;REG10G_W;REG10G_B;REG10G_NA;REG10G_A;REG10G_O;REG10G_MR;REG10G_UR;REG10G_D;REG10G_R;REG10G_L;REG10G_U;REG10G_DW;REG10G_DB;REG10G_DNA;REG10G_DA;REG10G_DO;REG10G_DMR;REG10G_DU;REG10G_RW;REG10G_RB;REG10G_RNA;REG10G_RA;REG10G_RO;REG10G_RMR;REG10G_RU;REG10G_LW;REG10G_LB;REG10G_LNA;REG10G_LA;REG10G_LO;REG10G_LMR;REG10G_LU;REG10G_UW;REG10G_UB;REG10G_UNA;REG10G_UA;REG10G_UO;REG10G_UMR;REG10G_UU;REG10G_H;REG10G_NH;REG10G_UH;REG10G_E_TOT;REG10G_M;REG10G_F;REG10G_UG;REG10G_G_TOT;REG10G_1825;REG10G_2640;REG10G_4165;REG10G_66UP;REG10G_UAG;REG10G_A_TOT;EL04G_AD_D;EL04G_AD_R;EL04G_AD_TOT;EL04G_GV_D;EL04G_GV_R;EL04G_GV_L;EL04G_GV_TOT;EL04G_PR_D;EL04G_PR_R;EL04G_PR_L;EL04G_PR_W1;EL04G_PR_W2;EL04G_PR_W3;EL04G_PR_TOT;EL04G_USS_D;EL04G_USS_R;EL04G_USS_L;EL04G_USS_W;EL04G_USS_TOT;EL08G_AG_D;EL08G_AG_R;EL08G_AG_TOT;EL08G_AD_D;EL08G_AD_R;EL08G_AD_TOT;EL08G_CA_D;EL08G_CA_R;EL08G_CA_TOT;EL08G_CI_D;EL08G_CI_R;EL08G_CI_L;EL08G_CI_W;EL08G_CI_TOT;EL08G_CL_D;EL08G_CL_R;EL08G_CL_TOT;EL08G_GV_D;EL08G_GV_R;EL08G_GV_L;EL08G_GV_TOT;EL08G_LG_D;EL08G_LG_R;EL08G_LG_L;EL08G_LG_TOT;EL08G_PR_D;EL08G_PR_R;EL08G_PR_L;EL08G_PR_W;EL08G_PR_TOT;EL08G_SP_D;EL08G_SP_R;EL08G_SP_L;EL08G_SP_TOT;EL08G_SPI_D;EL08G_SPI_R;EL08G_SPI_TOT;EL08G_USS_D;EL08G_USS_R;EL08G_USS_L;EL08G_USS_W;EL08G_USS_TOT;EL10G_SP_D;EL10G_SP_R;EL10G_SP_L;EL10G_SP_TOT;EL10G_USS_D;EL10G_USS_R;EL10G_USS_L;EL10G_USS_W;EL10G_USS_TOT</Process><Process ToolSource="C:\Program Files\ArcGIS\Desktop10.0\ArcToolbox\Toolboxes\Data Management Tools.tbx\CalculateField" Date="20110720" Time="225353">CalculateField "L:\Plan Web Workup\Plans\Rucho Senate 2\Rucho Senate 2_MapBase.gdb\Districts" disting [District] VB #</Process><Process ToolSource="C:\Program Files\ArcGIS\Desktop10.0\ArcToolbox\Toolboxes\Data Management Tools.tbx\CalculateField" Date="20110720" Time="225920">CalculateField "L:\Plan Web Workup\Plans\Rucho Senate 2\Rucho Senate 2_MapBase.gdb\Districts" District [disting] VB #</Process><Process ToolSource="C:\Program Files\ArcGIS\Desktop10.0\ArcToolbox\Toolboxes\Conversion Tools.tbx\FeatureClassToFeatureClass" Date="20110720" Time="230028">FeatureClassToFeatureClass "L:\Plan Web Workup\Plans\Rucho Senate 2\Rucho Senate 2_MapBase.gdb\Districts" "L:\Plan Web Workup\Plans\Rucho Senate 2\Shapefile" Rucho_Senate_2.shp # "District "District" true true false 2 Short 0 0 ,First,#,L:\Plan Web Workup\Plans\Rucho Senate 2\Rucho Senate 2_MapBase.gdb\Districts,District,-1,-1" DEFAULTS</Process></lineage><itemProps><itemName Sync="TRUE">Rucho_Senate_2</itemName><imsContentType Sync="TRUE">002</imsContentType><itemSize Sync="TRUE">0.000</itemSize><itemLocation><linkage Sync="TRUE">file://\\Ncgasqlgis\N\GIS\Redistricting\Plan Web Workup\Plans\Rucho Senate 2\Shapefile\Rucho_Senate_2.shp</linkage><protocol Sync="TRUE">Local Area Network</protocol></itemLocation></itemProps><coordRef><type Sync="TRUE">Projected</type><geogcsn Sync="TRUE">GCS_North_American_1983</geogcsn><projcsn Sync="TRUE">NAD_1983_StatePlane_North_Carolina_FIPS_3200</projcsn><peXml Sync="TRUE">&lt;ProjectedCoordinateSystem xsi:type='typens:ProjectedCoordinateSystem' xmlns:xsi='http://www.w3.org/2001/XMLSchema-instance' xmlns:xs='http://www.w3.org/2001/XMLSchema' xmlns:typens='http://www.esri.com/schemas/ArcGIS/10.0'&gt;&lt;WKT&gt;PROJCS[&amp;quot;NAD_1983_StatePlane_North_Carolina_FIPS_3200&amp;quot;,GEOGCS[&amp;quot;GCS_North_American_1983&amp;quot;,DATUM[&amp;quot;D_North_American_1983&amp;quot;,SPHEROID[&amp;quot;GRS_1980&amp;quot;,6378137.0,298.257222101]],PRIMEM[&amp;quot;Greenwich&amp;quot;,0.0],UNIT[&amp;quot;Degree&amp;quot;,0.0174532925199433]],PROJECTION[&amp;quot;Lambert_Conformal_Conic&amp;quot;],PARAMETER[&amp;quot;False_Easting&amp;quot;,609601.22],PARAMETER[&amp;quot;False_Northing&amp;quot;,0.0],PARAMETER[&amp;quot;Central_Meridian&amp;quot;,-79.0],PARAMETER[&amp;quot;Standard_Parallel_1&amp;quot;,34.33333333333334],PARAMETER[&amp;quot;Standard_Parallel_2&amp;quot;,36.16666666666666],PARAMETER[&amp;quot;Latitude_Of_Origin&amp;quot;,33.75],UNIT[&amp;quot;Meter&amp;quot;,1.0],AUTHORITY[&amp;quot;EPSG&amp;quot;,32119]]&lt;/WKT&gt;&lt;XOrigin&gt;-37137500&lt;/XOrigin&gt;&lt;YOrigin&gt;-28547400&lt;/YOrigin&gt;&lt;XYScale&gt;119309817.90311031&lt;/XYScale&gt;&lt;ZOrigin&gt;-100000&lt;/ZOrigin&gt;&lt;ZScale&gt;10000&lt;/ZScale&gt;&lt;MOrigin&gt;-100000&lt;/MOrigin&gt;&lt;MScale&gt;10000&lt;/MScale&gt;&lt;XYTolerance&gt;0.001&lt;/XYTolerance&gt;&lt;ZTolerance&gt;0.001&lt;/ZTolerance&gt;&lt;MTolerance&gt;0.001&lt;/MTolerance&gt;&lt;HighPrecision&gt;true&lt;/HighPrecision&gt;&lt;WKID&gt;32119&lt;/WKID&gt;&lt;/ProjectedCoordinateSystem&gt;</peXml></coordRef></DataProperties><SyncDate>20110720</SyncDate><SyncTime>23002700</SyncTime><ModDate>20110720</ModDate><ModTime>23002700</ModTime></Esri><dataIdInfo><envirDesc Sync="TRUE">Microsoft Windows Server 2008 R2 Version 6.1 (Build 7600) ; ESRI ArcGIS 10.0.0.2414</envirDesc><dataLang><languageCode value="eng" country="USA"></languageCode></dataLang><idCitation><resTitle Sync="TRUE">Rucho_Senate_2</resTitle><presForm><PresFormCd value="005"></PresFormCd></presForm></idCitation><descKeys><thesaName uuidref="723f6998-058e-11dc-8314-0800200c9a66"></thesaName><keyword Sync="TRUE">002</keyword></descKeys><spatRpType><SpatRepTypCd value="001"></SpatRepTypCd></spatRpType></dataIdInfo><mdLang><languageCode value="eng"></languageCode></mdLang><distInfo><distFormat><formatName Sync="TRUE">Shapefile</formatName></distFormat><distTranOps><transSize Sync="TRUE">0.000</transSize></distTranOps></distInfo><mdHrLv><ScopeCd value="005"></ScopeCd></mdHrLv><mdHrLvName Sync="TRUE">dataset</mdHrLvName><refSysInfo><RefSystem><refSysID><identCode code="32119"></identCode><idCodeSpace Sync="TRUE">EPSG</idCodeSpace><idVersion Sync="TRUE">7.4.1</idVersion></refSysID></RefSystem></refSysInfo><spdoinfo><ptvctinf><esriterm Name="Rucho_Senate_2"><efeatyp Sync="TRUE">Simple</efeatyp><efeageom Sync="TRUE">4</efeageom><esritopo Sync="TRUE">FALSE</esritopo><efeacnt Sync="TRUE">0</efeacnt><spindex Sync="TRUE">FALSE</spindex><linrefer Sync="TRUE">FALSE</linrefer></esriterm></ptvctinf></spdoinfo><spatRepInfo><VectSpatRep><topLvl><TopoLevCd value="001"></TopoLevCd></topLvl><geometObjs><geoObjTyp><GeoObjTypCd value="002"></GeoObjTypCd><geoObjCnt Sync="TRUE">0</geoObjCnt></geoObjTyp></geometObjs></VectSpatRep></spatRepInfo><eainfo><detailed Name="Rucho_Senate_2"><enttyp><enttypl Sync="TRUE">Rucho_Senate_2</enttypl><enttypt Sync="TRUE">Feature Class</enttypt><enttypc Sync="TRUE">0</enttypc></enttyp><attr><attrlabl Sync="TRUE">FID</attrlabl><attalias Sync="TRUE">FID</attalias><attrtype Sync="TRUE">OID</attrtype><attwidth Sync="TRUE">4</attwidth><atprecis Sync="TRUE">0</atprecis><attscale Sync="TRUE">0</attscale><attrdef Sync="TRUE">Internal feature number.</attrdef><attrdefs Sync="TRUE">ESRI</attrdefs><attrdomv><udom Sync="TRUE">Sequential unique whole numbers that are automatically generated.</udom></attrdomv></attr><attr><attrlabl Sync="TRUE">Shape</attrlabl><attalias Sync="TRUE">Shape</attalias><attrtype Sync="TRUE">Geometry</attrtype><attwidth Sync="TRUE">0</attwidth><atprecis Sync="TRUE">0</atprecis><attscale Sync="TRUE">0</attscale><attrdef Sync="TRUE">Feature geometry.</attrdef><attrdefs Sync="TRUE">ESRI</attrdefs><attrdomv><udom Sync="TRUE">Coordinates defining the features.</udom></attrdomv></attr><attr><attrlabl Sync="TRUE">District</attrlabl><attalias Sync="TRUE">District</attalias><attrtype Sync="TRUE">SmallInteger</attrtype><attwidth Sync="TRUE">4</attwidth><atprecis Sync="TRUE">4</atprecis><attscale Sync="TRUE">0</attscale></attr></detailed></eainfo><mdDateSt Sync="TRUE">20110720</mdDateSt></metadata>
